{"cameraMode":{"drawMode":0,"name":"Shaded","section":"Shading Mode"},"sceneLighting":true,"audioPlay":false,"sceneViewState":{"m_AlwaysRefresh":false,"showFog":true,"showSkybox":true,"showFlares":true,"showImageEffects":true,"showParticleSystems":true,"showVisualEffectGraphs":true,"m_FxEnabled":true},"in2DMode":false,"pivot":{"x":12.708608627319336,"y":6.726691246032715,"z":23.191049575805665},"rotation":{"x":-0.004329524002969265,"y":-0.9555844068527222,"z":0.2943510413169861,"w":-0.014056237414479256},"size":1.5498709678649903,"orthographic":false}